Time measurement,Displacement,Primary force measurement
(s),(mm),(N)
"0.00000","0.00000","0.19370"
"0.05000","0.00000","-0.07632"
"0.10000","0.00002","-0.34682"
"0.15000","-0.00003","-0.33843"
"0.20000","-0.00003","-0.06607"
"0.25000","-0.00003","-0.47606"
"0.30000","0.00000","-0.01063"
"0.35000","0.00000","-0.26646"
"0.40000","0.00003","-0.09878"
"0.45000","0.00005","0.03796"
"0.50000","0.00013","0.64614"
"0.55000","0.00022","1.87940"
"0.60000","0.00029","3.57072"
"0.65000","0.00038","4.83861"
"0.70000","0.00043","5.78039"
"0.75000","0.00048","6.97527"
"0.80000","0.00054","7.75569"
"0.85000","0.00059","8.36347"
"0.90000","0.00062","9.44034"
"0.95000","0.00067","10.11945"
"1.00000","0.00070","10.78536"
"1.05000","0.00075","11.69233"
"1.10000","0.00080","12.81053"
"1.15000","0.00083","13.16093"
"1.20000","0.00088","14.05858"
"1.25000","0.00091","14.68896"
"1.30000","0.00096","15.46873"
"1.35000","0.00102","16.18122"
"1.40000","0.00105","17.18388"
"1.45000","0.00110","17.77141"
"1.50000","0.00113","18.26309"
"1.55000","0.00118","19.21099"
"1.60000","0.00123","20.09329"
"1.65000","0.00128","20.68744"
"1.70000","0.00131","21.65619"
"1.75000","0.00137","22.56685"
"1.80000","0.00139","23.20455"
"1.85000","0.00145","23.76026"
"1.90000","0.00150","25.07467"
"1.95000","0.00153","25.60182"
"2.00000","0.00158","26.37394"
"2.05000","0.00161","27.40932"
"2.10000","0.00166","28.17612"
"2.15000","0.00171","28.89935"
"2.20000","0.00177","29.92697"
"2.25000","0.00179","31.30141"
"2.30000","0.00185","32.14946"
"2.35000","0.00190","32.82839"
"2.40000","0.00196","33.91639"
"2.45000","0.00198","34.57384"
"2.50000","0.00204","35.38189"
"2.55000","0.00206","35.90670"
"2.60000","0.00212","36.92963"
"2.65000","0.00214","37.77760"
"2.70000","0.00220","38.76679"
"2.75000","0.00225","39.26904"
"2.80000","0.00228","40.18568"
"2.85000","0.00233","41.17086"
"2.90000","0.00236","41.88272"
"2.95000","0.00241","42.49900"
"3.00000","0.00244","43.61131"
"3.05000","0.00249","44.15233"
"3.10000","0.00252","44.77254"
"3.15000","0.00254","45.59465"
"3.20000","0.00260","46.51659"
"3.25000","0.00265","46.98839"
"3.30000","0.00268","47.91266"
"3.35000","0.00271","48.80016"
"3.40000","0.00276","49.55325"
"3.45000","0.00281","49.94165"
"3.50000","0.00284","50.95840"
"3.55000","0.00287","51.68058"
"3.60000","0.00289","52.05273"
"3.65000","0.00295","52.70881"
"3.70000","0.00297","53.83892"
"3.75000","0.00303","54.29753"
"3.80000","0.00308","55.56237"
"3.85000","0.00311","56.27776"
"3.90000","0.00313","56.77285"
"3.95000","0.00319","57.65626"
"4.00000","0.00324","58.13064"
"4.05000","0.00327","59.24290"
"4.10000","0.00331","60.30770"
"4.15000","0.00335","61.16067"
"4.20000","0.00340","61.38810"
"4.25000","0.00343","62.57088"
"4.30000","0.00348","62.84907"
"4.35000","0.00351","63.95076"
"4.40000","0.00356","64.83566"
"4.45000","0.00362","65.56581"
"4.50000","0.00364","66.38598"
"4.55000","0.00369","67.57232"
"4.60000","0.00372","68.23489"
"4.65000","0.00378","68.76846"
"4.70000","0.00381","69.81938"
"4.75000","0.00386","70.47980"
"4.80000","0.00391","71.40284"
"4.85000","0.00394","72.49203"
"4.90000","0.00399","72.91895"
"4.95000","0.00403","73.42602"
"5.00000","0.00407","74.64629"
"5.05000","0.00413","75.70010"
"5.10000","0.00418","76.77470"
"5.15000","0.00421","77.37677"
"5.20000","0.00426","78.22351"
"5.25000","0.00429","79.16560"
"5.30000","0.00434","79.89513"
"5.35000","0.00439","80.98595"
"5.40000","0.00445","81.62669"
"5.45000","0.00449","82.71968"
"5.50000","0.00453","83.79317"
"5.55000","0.00458","84.62888"
"5.60000","0.00461","85.55080"
"5.65000","0.00466","86.31924"
"5.70000","0.00469","87.13564"
"5.75000","0.00474","87.82127"
"5.80000","0.00477","88.72414"
"5.85000","0.00482","89.44078"
"5.90000","0.00485","90.34462"
"5.95000","0.00490","90.91946"
"6.00000","0.00493","92.00134"
"6.05000","0.00498","92.54794"
"6.10000","0.00502","93.14578"
"6.15000","0.00506","94.36541"
"6.20000","0.00509","95.23123"
"6.25000","0.00514","95.73452"
"6.30000","0.00517","96.61794"
"6.35000","0.00522","97.19499"
"6.40000","0.00525","98.13595"
"6.45000","0.00528","98.71336"
"6.50000","0.00530","99.08833"
"6.55000","0.00536","100.06682"
"6.60000","0.00541","100.85625"
"6.65000","0.00544","101.54150"
"6.70000","0.00546","102.43102"
"6.75000","0.00552","103.22163"
"6.80000","0.00557","104.01871"
"6.85000","0.00560","104.95570"
"6.90000","0.00565","105.90829"
"6.95000","0.00568","106.82729"
"7.00000","0.00573","107.37859"
"7.05000","0.00578","107.97535"
"7.10000","0.00581","109.08874"
"7.15000","0.00586","109.73910"
"7.20000","0.00589","110.45435"
"7.25000","0.00592","111.53355"
"7.30000","0.00597","112.41441"
"7.35000","0.00603","113.12577"
"7.40000","0.00605","113.93763"
"7.45000","0.00611","114.89442"
"7.50000","0.00613","115.92248"
"7.55000","0.00619","116.21139"
"7.60000","0.00624","117.55958"
"7.65000","0.00627","118.29592"
"7.70000","0.00630","119.14545"
"7.75000","0.00635","120.05241"
"7.80000","0.00640","120.84406"
"7.85000","0.00644","121.70489"
"7.90000","0.00648","122.62968"
"7.95000","0.00654","123.68983"
"8.00000","0.00656","124.35509"
"8.05000","0.00662","125.18485"
"8.10000","0.00664","125.85443"
"8.15000","0.00670","126.91353"
"8.20000","0.00675","127.49798"
"8.25000","0.00680","128.55693"
"8.30000","0.00686","129.41893"
"8.35000","0.00688","130.42880"
"8.40000","0.00694","131.11359"
"8.45000","0.00699","132.14435"
"8.50000","0.00703","133.38954"
"8.55000","0.00706","134.14232"
"8.60000","0.00713","134.96198"
"8.65000","0.00715","135.26202"
"8.70000","0.00718","136.53513"
"8.75000","0.00723","137.40259"
"8.80000","0.00729","138.14702"
"8.85000","0.00731","139.02547"
"8.90000","0.00734","139.82077"
"8.95000","0.00739","140.51201"
"9.00000","0.00745","141.45067"
"9.05000","0.00747","142.04665"
"9.10000","0.00751","143.09131"
"9.15000","0.00755","143.69080"
"9.20000","0.00758","144.54874"
"9.25000","0.00763","145.13795"
"9.30000","0.00769","145.82782"
"9.35000","0.00771","146.61932"
"9.40000","0.00774","147.45488"
"9.45000","0.00777","147.82811"
"9.50000","0.00785","148.73984"
"9.55000","0.00792","150.60202"
"9.60000","0.00796","151.63191"
"9.65000","0.00798","152.39221"
"9.70000","0.00801","152.90511"
"9.75000","0.00806","153.99202"
"9.80000","0.00809","154.72437"
"9.85000","0.00814","155.73604"
"9.90000","0.00817","156.40024"
"9.95000","0.00822","156.85165"
"10.00000","0.00825","157.74921"
"10.05000","0.00830","158.79182"
"10.10000","0.00836","159.70517"
"10.15000","0.00838","160.57860"
"10.20000","0.00844","161.43269"
"10.25000","0.00847","162.46106"
"10.30000","0.00852","163.38359"
"10.35000","0.00857","164.03252"
"10.40000","0.00860","164.84563"
"10.45000","0.00865","165.55537"
"10.50000","0.00868","166.74968"
"10.55000","0.00873","167.61024"
"10.60000","0.00879","168.32654"
"10.65000","0.00881","169.12694"
"10.70000","0.00887","169.84001"
"10.75000","0.00889","170.83162"
"10.80000","0.00895","171.97014"
"10.85000","0.00900","172.38069"
"10.90000","0.00903","173.32941"
"10.95000","0.00905","174.50568"
"11.00000","0.00911","175.22771"
"11.05000","0.00916","175.98358"
"11.10000","0.00919","177.01518"
"11.15000","0.00922","177.46939"
"11.20000","0.00927","178.50290"
"11.25000","0.00932","179.45894"
"11.30000","0.00938","180.23853"
"11.35000","0.00940","181.04063"
"11.40000","0.00945","181.84557"
"11.45000","0.00948","182.86394"
"11.50000","0.00954","183.34448"
"11.55000","0.00957","184.58020"
"11.60000","0.00962","185.20277"
"11.65000","0.00964","186.05685"
"11.70000","0.00970","186.93552"
"11.75000","0.00975","187.53098"
"11.80000","0.00978","188.53485"
"11.85000","0.00983","189.18887"
"11.90000","0.00986","190.63625"
"11.95000","0.00991","191.37933"
"12.00000","0.00994","191.81715"
"12.05000","0.00999","192.61501"
"12.10000","0.01002","193.53049"
"12.15000","0.01007","194.51025"
"12.20000","0.01010","195.18446"
"12.25000","0.01015","195.81892"
"12.30000","0.01018","196.82320"
"12.35000","0.01021","197.50102"
"12.40000","0.01026","198.36501"
"12.45000","0.01029","199.39771"
"12.50000","0.01034","199.95341"
"12.55000","0.01037","200.67569"
"12.60000","0.01039","201.36679"
"12.65000","0.01042","202.11003"
"12.70000","0.01047","202.70042"
"12.75000","0.01050","203.55524"
"12.80000","0.01055","204.47473"
"12.85000","0.01058","205.25940"
"12.90000","0.01063","205.99144"
"12.95000","0.01069","206.92584"
"13.00000","0.01071","207.91089"
"13.05000","0.01077","208.36009"
"13.10000","0.01079","209.44444"
"13.15000","0.01084","210.29343"
"13.20000","0.01087","211.11993"
"13.25000","0.01093","211.95955"
"13.30000","0.01096","212.80836"
"13.35000","0.01101","213.90942"
"13.40000","0.01106","214.38000"
"13.45000","0.01109","215.42516"
"13.50000","0.01114","216.20351"
"13.55000","0.01117","217.18605"
"13.60000","0.01122","218.13303"
"13.65000","0.01128","219.24467"
"13.70000","0.01133","219.96205"
"13.75000","0.01136","220.95628"
"13.80000","0.01138","221.60339"
"13.85000","0.01144","222.58635"
"13.90000","0.01149","223.48428"
"13.95000","0.01152","224.39017"
"14.00000","0.01157","225.52063"
"14.05000","0.01162","226.26447"
"14.10000","0.01167","226.85973"
"14.15000","0.01171","228.18713"
"14.20000","0.01176","228.76973"
"14.25000","0.01181","229.91985"
"14.30000","0.01187","230.88306"
"14.35000","0.01189","231.67972"
"14.40000","0.01195","233.22839"
"14.45000","0.01200","233.97452"
"14.50000","0.01203","234.26118"
"14.55000","0.01208","235.21275"
"14.60000","0.01211","236.38922"
"14.65000","0.01216","237.45825"
"14.70000","0.01219","238.43744"
"14.75000","0.01224","239.08797"
"14.80000","0.01230","239.69922"
"14.85000","0.01232","240.51874"
"14.90000","0.01237","241.71452"
"14.95000","0.01240","242.77374"
"15.00000","0.01246","243.21706"
"15.05000","0.01248","244.36079"
"15.10000","0.01254","245.12524"
"15.15000","0.01259","245.78418"
"15.20000","0.01262","246.86201"
"15.25000","0.01267","247.64439"
"15.30000","0.01270","248.29674"
"15.35000","0.01272","249.57040"
"15.40000","0.01278","250.22928"
"15.45000","0.01283","251.19370"
"15.50000","0.01286","251.95158"
"15.55000","0.01288","252.70427"
"15.60000","0.01294","253.47565"
"15.65000","0.01296","254.44934"
"15.70000","0.01302","255.16769"
"15.75000","0.01304","255.81845"
"15.80000","0.01310","256.68964"
"15.85000","0.01315","257.74994"
"15.90000","0.01318","258.74408"
"15.95000","0.01321","259.27716"
"16.00000","0.01326","260.57065"
"16.05000","0.01329","261.33017"
"16.10000","0.01334","261.54428"
"16.15000","0.01337","262.66391"
"16.20000","0.01339","263.80695"
"16.25000","0.01342","264.50958"
"16.30000","0.01347","265.11139"
"16.35000","0.01353","265.77112"
"16.40000","0.01355","266.95261"
"16.45000","0.01361","267.88901"
"16.50000","0.01363","268.57016"
"16.55000","0.01369","269.24884"
"16.60000","0.01372","270.26889"
"16.65000","0.01377","271.44482"
"16.70000","0.01382","272.16815"
"16.75000","0.01385","272.85132"
"16.80000","0.01390","273.79355"
"16.85000","0.01393","274.30807"
"16.90000","0.01398","275.78546"
"16.95000","0.01404","276.57947"
"17.00000","0.01406","277.51703"
"17.05000","0.01412","277.99365"
"17.10000","0.01414","279.17218"
"17.15000","0.01420","280.14279"
"17.20000","0.01425","280.74484"
"17.25000","0.01428","281.76917"
"17.30000","0.01433","282.73132"
"17.35000","0.01438","283.47272"
"17.40000","0.01441","284.17859"
"17.45000","0.01446","285.49490"
"17.50000","0.01452","286.81952"
"17.55000","0.01457","287.47144"
"17.60000","0.01460","288.62265"
"17.65000","0.01465","289.44427"
"17.70000","0.01471","290.51010"
"17.75000","0.01473","291.52219"
"17.80000","0.01479","292.25330"
"17.85000","0.01481","292.95673"
"17.90000","0.01487","293.57849"
"17.95000","0.01489","294.66821"
"18.00000","0.01495","295.56387"
"18.05000","0.01500","296.44348"
"18.10000","0.01503","297.31104"
"18.15000","0.01505","297.83734"
"18.20000","0.01511","298.96860"
"18.25000","0.01516","299.77444"
"18.30000","0.01519","300.74307"
"18.35000","0.01523","301.48486"
"18.40000","0.01527","302.25565"
"18.45000","0.01532","303.07538"
"18.50000","0.01535","304.17023"
"18.55000","0.01538","304.87222"
"18.60000","0.01543","305.70996"
"18.65000","0.01548","306.63440"
"18.70000","0.01551","307.28644"
"18.75000","0.01553","307.47095"
"18.80000","0.01556","308.66785"
"18.85000","0.01560","309.36856"
"18.90000","0.01564","310.21002"
"18.95000","0.01570","310.99768"
"19.00000","0.01572","311.66119"
"19.05000","0.01578","312.73599"
"19.10000","0.01580","313.43518"
"19.15000","0.01586","314.33780"
"19.20000","0.01588","315.33679"
"19.25000","0.01594","316.05273"
"19.30000","0.01596","317.05020"
"19.35000","0.01602","317.86496"
"19.40000","0.01606","318.63187"
"19.45000","0.01610","319.41196"
"19.50000","0.01613","320.52396"
"19.55000","0.01618","321.52963"
"19.60000","0.01623","322.08572"
"19.65000","0.01626","322.85367"
"19.70000","0.01631","323.81049"
"19.75000","0.01634","324.78180"
"19.80000","0.01639","325.63098"
"19.85000","0.01645","326.67319"
"19.90000","0.01647","327.15399"
"19.95000","0.01653","328.11551"
"20.00000","0.01656","329.13419"
"20.05000","0.01661","330.41693"
"20.10000","0.01665","331.00134"
"20.15000","0.01669","331.70523"
"20.20000","0.01674","332.86197"
"20.25000","0.01677","333.42615"
"20.30000","0.01682","334.24057"
"20.35000","0.01688","335.50180"
"20.40000","0.01690","336.02921"
"20.45000","0.01696","336.99155"
"20.50000","0.01699","337.89688"
"20.55000","0.01704","338.91870"
"20.60000","0.01709","339.86176"
"20.65000","0.01712","340.53336"
"20.70000","0.01717","341.59854"
"20.75000","0.01722","342.64102"
"20.80000","0.01726","343.52087"
"20.85000","0.01730","344.27255"
"20.90000","0.01736","345.29547"
"20.95000","0.01738","346.32373"
"21.00000","0.01744","347.03232"
"21.05000","0.01749","347.96347"
"21.10000","0.01752","348.70905"
"21.15000","0.01757","349.65967"
"21.20000","0.01760","350.50677"
"21.25000","0.01765","351.15860"
"21.30000","0.01769","352.05063"
"21.35000","0.01773","352.91690"
"21.40000","0.01776","353.84171"
"21.45000","0.01781","354.84299"
"21.50000","0.01787","355.59525"
"21.55000","0.01789","356.51346"
"21.60000","0.01795","357.21484"
"21.65000","0.01797","357.89136"
"21.70000","0.01800","359.14285"
"21.75000","0.01803","359.51443"
"21.80000","0.01808","360.34982"
"21.85000","0.01813","361.32559"
"21.90000","0.01819","362.14746"
"21.95000","0.01824","363.54453"
"22.00000","0.01827","364.34970"
"22.05000","0.01832","365.38077"
"22.10000","0.01835","365.94144"
"22.15000","0.01838","366.76758"
"22.20000","0.01843","367.49335"
"22.25000","0.01848","368.93854"
"22.30000","0.01853","369.71649"
"22.35000","0.01856","370.38269"
"22.40000","0.01859","371.18213"
"22.45000","0.01864","372.22232"
"22.50000","0.01870","372.85013"
"22.55000","0.01872","374.06805"
"22.60000","0.01878","374.80563"
"22.65000","0.01880","375.54993"
"22.70000","0.01886","376.59543"
"22.75000","0.01891","377.43497"
"22.80000","0.01894","378.26407"
"22.85000","0.01896","379.32617"
"22.90000","0.01902","379.87271"
"22.95000","0.01907","380.59918"
"23.00000","0.01910","382.00641"
"23.05000","0.01915","382.68777"
"23.10000","0.01918","383.49796"
"23.15000","0.01923","384.41946"
"23.20000","0.01929","384.92096"
"23.25000","0.01933","386.05688"
"23.30000","0.01937","387.00714"
"23.35000","0.01941","387.61072"
"23.40000","0.01945","388.56738"
"23.45000","0.01950","389.54248"
"23.50000","0.01953","390.47903"
"23.55000","0.01958","391.31924"
"23.60000","0.01961","392.17337"
"23.65000","0.01966","392.78525"
"23.70000","0.01969","393.72244"
"23.75000","0.01974","394.75085"
"23.80000","0.01979","395.54303"
"23.85000","0.01982","396.39594"
"23.90000","0.01985","397.06049"
"23.95000","0.01990","398.11960"
"24.00000","0.01996","398.93213"
"24.05000","0.01998","399.91537"
"24.10000","0.02004","400.52020"
"24.15000","0.02006","401.51157"
"24.20000","0.02012","402.45413"
"24.25000","0.02014","403.18005"
"24.30000","0.02020","404.22156"
"24.35000","0.02022","404.94125"
"24.40000","0.02028","405.69305"
"24.45000","0.02030","406.59830"
"24.50000","0.02036","407.85641"
"24.55000","0.02038","408.30032"
"24.60000","0.02044","409.25894"
"24.65000","0.02046","410.23599"
"24.70000","0.02049","410.59250"
"24.75000","0.02055","411.69208"
"24.80000","0.02057","412.27267"
"24.85000","0.02060","412.51556"
"24.90000","0.02063","413.49603"
"24.95000","0.02068","414.09546"
"25.00000","0.02073","414.92264"
"25.05000","0.02076","416.37741"
"25.10000","0.02079","417.01450"
"25.15000","0.02084","417.89993"
"25.20000","0.02089","418.68216"
"25.25000","0.02092","419.58316"
"25.30000","0.02097","420.57816"
"25.35000","0.02100","421.53983"
"25.40000","0.02105","422.18106"
"25.45000","0.02111","423.50806"
"25.50000","0.02113","424.00208"
"25.55000","0.02119","424.82782"
"25.60000","0.02121","426.01810"
"25.65000","0.02127","426.80954"
"25.70000","0.02129","427.54901"
"25.75000","0.02135","428.58612"
"25.80000","0.02138","429.47321"
"25.85000","0.02143","430.32846"
"25.90000","0.02148","431.24835"
"25.95000","0.02153","432.07254"
"26.00000","0.02156","432.88040"
"26.05000","0.02160","434.01532"
"26.10000","0.02164","435.20868"
"26.15000","0.02170","435.50507"
"26.20000","0.02175","436.83597"
"26.25000","0.02178","437.61670"
"26.30000","0.02183","438.78372"
"26.35000","0.02186","439.24191"
"26.40000","0.02191","440.31372"
"26.45000","0.02196","441.65640"
"26.50000","0.02202","442.34219"
"26.55000","0.02207","443.18503"
"26.60000","0.02210","444.67551"
"26.65000","0.02215","445.48755"
"26.70000","0.02221","446.72360"
"26.75000","0.02223","447.52747"
"26.80000","0.02229","448.35260"
"26.85000","0.02233","449.10660"
"26.90000","0.02237","450.24857"
"26.95000","0.02242","451.06058"
"27.00000","0.02245","452.11581"
"27.05000","0.02250","452.94232"
"27.10000","0.02253","453.64951"
"27.15000","0.02258","454.29599"
"27.20000","0.02261","455.29419"
"27.25000","0.02266","456.24579"
"27.30000","0.02269","457.01471"
"27.35000","0.02274","457.99472"
"27.40000","0.02280","458.60660"
"27.45000","0.02282","459.67218"
"27.50000","0.02285","460.32471"
"27.55000","0.02290","461.34958"
"27.60000","0.02296","462.55630"
"27.65000","0.02298","463.10999"
"27.70000","0.02304","464.06580"
"27.75000","0.02306","465.09811"
"27.80000","0.02312","465.71948"
"27.85000","0.02314","466.90289"
"27.90000","0.02320","467.69559"
"27.95000","0.02322","468.54337"
"28.00000","0.02325","468.90051"
"28.05000","0.02330","469.70746"
"28.10000","0.02333","470.65494"
"28.15000","0.02338","471.64935"
"28.20000","0.02341","472.62674"
"28.25000","0.02347","473.27527"
"28.30000","0.02349","474.00986"
"28.35000","0.02352","474.75873"
"28.40000","0.02357","475.48404"
"28.45000","0.02360","476.54492"
"28.50000","0.02365","477.12741"
"28.55000","0.02368","477.95068"
"28.60000","0.02373","479.27289"
"28.65000","0.02379","479.86722"
"28.70000","0.02381","480.99854"
"28.75000","0.02385","481.73578"
"28.80000","0.02389","482.28317"
"28.85000","0.02394","483.47311"
"28.90000","0.02397","484.40033"
"28.95000","0.02403","485.07736"
"29.00000","0.02405","485.81195"
"29.05000","0.02411","487.16489"
"29.10000","0.02416","487.55115"
"29.15000","0.02419","488.73587"
"29.20000","0.02424","489.79959"
"29.25000","0.02427","490.62152"
"29.30000","0.02432","491.40298"
"29.35000","0.02435","492.43472"
"29.40000","0.02440","493.33890"
"29.45000","0.02446","494.42038"
"29.50000","0.02448","494.92502"
"29.55000","0.02454","496.06506"
"29.60000","0.02457","496.93204"
"29.65000","0.02462","497.87848"
"29.70000","0.02467","498.69730"
"29.75000","0.02472","499.61237"
"29.80000","0.02475","500.89667"
"29.85000","0.02480","501.70984"
"29.90000","0.02486","502.82819"
"29.95000","0.02491","503.78983"
"30.00000","0.02494","504.64417"
"30.05000","0.02499","505.30481"
"30.10000","0.02502","506.60757"
"30.15000","0.02507","507.65268"
"30.20000","0.02510","508.32907"
"30.25000","0.02515","509.26776"
"30.30000","0.02521","510.02606"
"30.35000","0.02523","511.02377"
"30.40000","0.02528","512.08551"
"30.45000","0.02531","512.67084"
"30.50000","0.02537","513.72479"
"30.55000","0.02539","514.45129"
"30.60000","0.02545","515.19342"
"30.65000","0.02547","516.28741"
"30.70000","0.02553","516.76093"
"30.75000","0.02556","517.74957"
"30.80000","0.02561","518.74725"
"30.85000","0.02563","519.57690"
"30.90000","0.02569","520.61749"
"30.95000","0.02571","521.50342"
"31.00000","0.02577","522.02521"
"31.05000","0.02579","522.67157"
"31.10000","0.02582","523.82343"
"31.15000","0.02588","524.49707"
"31.20000","0.02590","525.06281"
"31.25000","0.02593","526.07965"
"31.30000","0.02598","526.70636"
"31.35000","0.02601","527.61005"
"31.40000","0.02606","528.61639"
"31.45000","0.02610","529.51086"
"31.50000","0.02614","530.27374"
"31.55000","0.02620","531.02814"
"31.60000","0.02622","531.68250"
"31.65000","0.02628","532.82916"
"31.70000","0.02630","533.67535"
"31.75000","0.02636","534.43445"
"31.80000","0.02638","535.42322"
"31.85000","0.02644","536.41931"
"31.90000","0.02646","537.47186"
"31.95000","0.02652","538.13287"
"32.00000","0.02654","538.69092"
"32.05000","0.02660","539.78918"
"32.10000","0.02665","541.03357"
"32.15000","0.02668","541.62604"
"32.20000","0.02673","542.65100"
"32.25000","0.02676","543.28027"
"32.30000","0.02681","544.28864"
"32.35000","0.02687","545.50183"
"32.40000","0.02691","546.43744"
"32.45000","0.02695","547.27716"
"32.50000","0.02700","548.09497"
"32.55000","0.02703","549.10004"
"32.60000","0.02708","549.96283"
"32.65000","0.02711","550.77649"
"32.70000","0.02716","551.68817"
"32.75000","0.02719","552.65820"
"32.80000","0.02724","553.36389"
"32.85000","0.02729","554.88879"
"32.90000","0.02733","555.41791"
"32.95000","0.02738","555.92670"
"33.00000","0.02743","557.22937"
"33.05000","0.02746","558.11151"
"33.10000","0.02751","559.11450"
"33.15000","0.02756","560.13062"
"33.20000","0.02762","561.01880"
"33.25000","0.02764","561.75079"
"33.30000","0.02770","563.00305"
"33.35000","0.02772","564.06812"
"33.40000","0.02778","564.82434"
"33.45000","0.02783","566.00305"
"33.50000","0.02786","566.83905"
"33.55000","0.02789","567.27045"
"33.60000","0.02794","568.58502"
"33.65000","0.02799","569.37299"
"33.70000","0.02802","570.25983"
"33.75000","0.02807","571.24707"
"33.80000","0.02810","572.06018"
"33.85000","0.02815","573.14221"
"33.90000","0.02818","573.87695"
"33.95000","0.02821","574.85791"
"34.00000","0.02823","575.18451"
"34.05000","0.02830","576.15411"
"34.10000","0.02834","577.51813"
"34.15000","0.02839","578.60693"
"34.20000","0.02845","579.12909"
"34.25000","0.02847","580.14337"
"34.30000","0.02853","580.99829"
"34.35000","0.02855","582.13739"
"34.40000","0.02861","582.73523"
"34.45000","0.02863","583.79059"
"34.50000","0.02869","584.75635"
"34.55000","0.02871","586.05640"
"34.60000","0.02877","586.70862"
"34.65000","0.02882","587.61615"
"34.70000","0.02885","588.53461"
"34.75000","0.02890","589.65131"
"34.80000","0.02893","590.20325"
"34.85000","0.02898","591.14520"
"34.90000","0.02902","592.01935"
"34.95000","0.02906","593.28729"
"35.00000","0.02912","593.55554"
"35.05000","0.02914","594.74951"
"35.10000","0.02920","595.76147"
"35.15000","0.02922","596.55316"
"35.20000","0.02928","597.66840"
"35.25000","0.02932","598.63995"
"35.30000","0.02936","599.47430"
"35.35000","0.02941","600.26990"
"35.40000","0.02944","601.24878"
"35.45000","0.02949","602.21918"
"35.50000","0.02952","603.05670"
"35.55000","0.02957","604.20605"
"35.60000","0.02960","604.90826"
"35.65000","0.02965","605.99738"
"35.70000","0.02971","606.80011"
"35.75000","0.02973","607.85004"
"35.80000","0.02979","608.31384"
"35.85000","0.02981","609.59113"
"35.90000","0.02987","610.47217"
"35.95000","0.02990","611.45984"
"36.00000","0.02995","612.27319"
"36.05000","0.03000","613.09625"
"36.10000","0.03003","613.88104"
"36.15000","0.03005","614.97260"
"36.20000","0.03011","615.80316"
"36.25000","0.03016","616.97827"
"36.30000","0.03019","618.13574"
"36.35000","0.03024","618.64178"
"36.40000","0.03027","619.37878"
"36.45000","0.03032","620.36688"
"36.50000","0.03037","621.46204"
"36.55000","0.03040","622.27722"
"36.60000","0.03043","623.28241"
"36.65000","0.03048","623.71301"
"36.70000","0.03053","625.00818"
"36.75000","0.03056","625.92657"
"36.80000","0.03059","626.65149"
"36.85000","0.03064","627.20776"
"36.90000","0.03067","628.12909"
"36.95000","0.03072","628.84314"
"37.00000","0.03075","629.62689"
"37.05000","0.03078","630.04871"
"37.10000","0.03080","630.68414"
"37.15000","0.03083","632.06903"
"37.20000","0.03088","632.65546"
"37.25000","0.03094","633.79724"
"37.30000","0.03096","634.90814"
"37.35000","0.03102","634.87848"
"37.40000","0.03104","636.24188"
"37.45000","0.03110","637.25500"
"37.50000","0.03113","638.64380"
"37.55000","0.03118","639.21783"
"37.60000","0.03122","639.87561"
"37.65000","0.03126","640.65491"
"37.70000","0.03129","641.98871"
"37.75000","0.03134","642.71075"
"37.80000","0.03139","643.60394"
"37.85000","0.03142","644.29950"
"37.90000","0.03147","645.87885"
"37.95000","0.03150","646.42218"
"38.00000","0.03155","647.12646"
"38.05000","0.03161","648.24561"
"38.10000","0.03163","648.98206"
"38.15000","0.03169","649.89349"
"38.20000","0.03171","650.85992"
"38.25000","0.03177","651.94647"
"38.30000","0.03182","652.69617"
"38.35000","0.03185","653.57776"
"38.40000","0.03190","654.84253"
"38.45000","0.03195","655.56598"
"38.50000","0.03198","656.56549"
"38.55000","0.03204","657.35968"
"38.60000","0.03208","658.25085"
"38.65000","0.03212","659.02570"
"38.70000","0.03217","660.15778"
"38.75000","0.03222","661.34723"
"38.80000","0.03228","662.29785"
"38.85000","0.03233","663.42633"
"38.90000","0.03236","664.61298"
"38.95000","0.03241","665.43829"
"39.00000","0.03246","666.18414"
"39.05000","0.03249","667.02307"
"39.10000","0.03255","668.12677"
"39.15000","0.03257","669.24365"
"39.20000","0.03262","669.80029"
"39.25000","0.03265","670.71033"
"39.30000","0.03271","671.24536"
"39.35000","0.03273","672.64648"
"39.40000","0.03279","673.63263"
"39.45000","0.03284","674.55518"
"39.50000","0.03287","675.39246"
"39.55000","0.03292","676.20441"
"39.60000","0.03295","677.21472"
"39.65000","0.03300","677.97931"
"39.70000","0.03303","678.80377"
"39.75000","0.03308","679.64099"
"39.80000","0.03311","680.66998"
"39.85000","0.03316","681.42413"
"39.90000","0.03319","682.16827"
"39.95000","0.03324","682.90692"
"40.00000","0.03327","683.99298"
"40.05000","0.03332","685.01288"
"40.10000","0.03335","685.72113"
"40.15000","0.03340","686.54944"
"40.20000","0.03343","687.39105"
"40.25000","0.03348","688.25000"
"40.30000","0.03351","688.57867"
"40.35000","0.03354","689.64136"
"40.40000","0.03359","690.70331"
"40.45000","0.03364","691.48987"
"40.50000","0.03367","692.36316"
"40.55000","0.03370","692.97845"
"40.60000","0.03375","693.99701"
"40.65000","0.03378","694.98761"
"40.70000","0.03383","695.53406"
"40.75000","0.03386","696.07599"
"40.80000","0.03388","696.74518"
"40.85000","0.03394","697.71222"
"40.90000","0.03396","698.49164"
"40.95000","0.03402","699.65887"
"41.00000","0.03407","700.44037"
"41.05000","0.03410","701.31488"
"41.10000","0.03415","702.25244"
"41.15000","0.03418","703.38031"
"41.20000","0.03423","704.02124"
"41.25000","0.03428","705.26575"
"41.30000","0.03431","706.09857"
"41.35000","0.03437","706.69421"
"41.40000","0.03439","707.69922"
"41.45000","0.03445","708.78448"
"41.50000","0.03448","709.35815"
"41.55000","0.03453","710.14001"
"41.60000","0.03458","711.40930"
"41.65000","0.03461","712.21704"
"41.70000","0.03466","713.18262"
"41.75000","0.03469","714.13214"
"41.80000","0.03474","715.00568"
"41.85000","0.03479","715.76221"
"41.90000","0.03482","717.11877"
"41.95000","0.03488","718.08112"
"42.00000","0.03493","718.86261"
"42.05000","0.03498","720.29077"
"42.10000","0.03501","721.23474"
"42.15000","0.03506","721.89154"
"42.20000","0.03512","723.20996"
"42.25000","0.03514","723.87939"
"42.30000","0.03520","724.93927"
"42.35000","0.03524","725.62695"
"42.40000","0.03528","726.38452"
"42.45000","0.03533","727.45428"
"42.50000","0.03536","728.61670"
"42.55000","0.03541","729.28290"
"42.60000","0.03544","729.72473"
"42.65000","0.03549","730.83008"
"42.70000","0.03552","731.84308"
"42.75000","0.03557","732.57166"
"42.80000","0.03560","733.44019"
"42.85000","0.03565","734.19989"
"42.90000","0.03568","734.97290"
"42.95000","0.03573","735.95502"
"43.00000","0.03576","736.66174"
"43.05000","0.03581","737.64520"
"43.10000","0.03586","738.75385"
"43.15000","0.03589","739.40704"
"43.20000","0.03592","740.39478"
"43.25000","0.03595","740.84180"
"43.30000","0.03600","741.57898"
"43.35000","0.03603","742.18353"
"43.40000","0.03605","743.00531"
"43.45000","0.03611","743.62781"
"43.50000","0.03613","744.67157"
"43.55000","0.03619","745.62061"
"43.60000","0.03623","746.28864"
"43.65000","0.03627","747.34937"
"43.70000","0.03632","748.17041"
"43.75000","0.03635","749.11462"
"43.80000","0.03640","749.76025"
"43.85000","0.03643","750.53925"
"43.90000","0.03648","751.47565"
"43.95000","0.03651","752.71667"
"44.00000","0.03656","753.52142"
"44.05000","0.03659","754.32794"
"44.10000","0.03664","755.18506"
"44.15000","0.03670","756.29962"
"44.20000","0.03672","756.62616"
"44.25000","0.03678","758.11932"
"44.30000","0.03680","758.57098"
"44.35000","0.03686","759.41223"
"44.40000","0.03688","760.10126"
"44.45000","0.03694","761.41370"
"44.50000","0.03698","761.91278"
"44.55000","0.03702","763.06262"
"44.60000","0.03707","763.79706"
"44.65000","0.03711","764.61255"
"44.70000","0.03715","765.53516"
"44.75000","0.03720","767.11475"
"44.80000","0.03723","767.75739"
"44.85000","0.03729","768.73853"
"44.90000","0.03731","768.90375"
"44.95000","0.03737","770.37109"
"45.00000","0.03742","771.09595"
"45.05000","0.03745","772.21307"
"45.10000","0.03750","773.31702"
"45.15000","0.03755","774.08313"
"45.20000","0.03758","775.17993"
"45.25000","0.03763","776.13361"
"45.30000","0.03769","777.07867"
"45.35000","0.03771","777.80597"
"45.40000","0.03777","779.19104"
"45.45000","0.03782","780.68280"
"45.50000","0.03785","781.08057"
"45.55000","0.03790","782.15991"
"45.60000","0.03796","782.74152"
"45.65000","0.03798","783.45966"
"45.70000","0.03801","784.71472"
"45.75000","0.03806","785.36633"
"45.80000","0.03812","786.06146"
"45.85000","0.03814","787.11249"
"45.90000","0.03820","787.99371"
"45.95000","0.03822","788.84082"
"46.00000","0.03828","789.71515"
"46.05000","0.03830","790.43005"
"46.10000","0.03836","791.40936"
"46.15000","0.03838","792.18506"
"46.20000","0.03841","793.05396"
"46.25000","0.03846","793.80219"
"46.30000","0.03849","794.07056"
"46.35000","0.03852","795.01147"
"46.40000","0.03857","795.99554"
"46.45000","0.03862","797.10876"
"46.50000","0.03868","798.07422"
"46.55000","0.03871","798.76202"
"46.60000","0.03876","799.64398"
"46.65000","0.03880","800.79919"
"46.70000","0.03884","801.88971"
"46.75000","0.03889","802.84290"
"46.80000","0.03895","803.77972"
"46.85000","0.03900","804.71802"
"46.90000","0.03903","805.62317"
"46.95000","0.03906","806.72009"
"47.00000","0.03911","807.51953"
"47.05000","0.03916","808.66016"
"47.10000","0.03919","808.79694"
"47.15000","0.03924","809.95624"
"47.20000","0.03927","811.01068"
"47.25000","0.03932","811.95123"
"47.30000","0.03935","812.66687"
"47.35000","0.03940","813.31909"
"47.40000","0.03943","814.41241"
"47.45000","0.03948","815.36426"
"47.50000","0.03951","816.48456"
"47.55000","0.03956","817.08441"
"47.60000","0.03962","818.06506"
"47.65000","0.03964","818.77820"
"47.70000","0.03970","819.91925"
"47.75000","0.03972","821.24603"
"47.80000","0.03978","821.91199"
"47.85000","0.03983","822.54523"
"47.90000","0.03986","823.77515"
"47.95000","0.03991","824.61267"
"48.00000","0.03994","825.58545"
"48.05000","0.03999","826.52838"
"48.10000","0.04005","826.88757"
"48.15000","0.04007","828.09625"
"48.20000","0.04013","829.22382"
"48.25000","0.04015","830.11218"
"48.30000","0.04021","830.91327"
"48.35000","0.04023","831.37390"
"48.40000","0.04029","832.63672"
"48.45000","0.04031","833.53857"
"48.50000","0.04037","834.36957"
"48.55000","0.04039","835.26587"
"48.60000","0.04045","835.99640"
"48.65000","0.04049","836.64337"
"48.70000","0.04053","838.06329"
"48.75000","0.04058","838.90594"
"48.80000","0.04061","839.56030"
"48.85000","0.04066","839.97754"
"48.90000","0.04069","841.28064"
"48.95000","0.04074","842.02045"
"49.00000","0.04077","842.82422"
"49.05000","0.04082","843.78851"
"49.10000","0.04085","844.17200"
"49.15000","0.04087","845.59436"
"49.20000","0.04093","846.60986"
"49.25000","0.04096","847.04871"
"49.30000","0.04098","847.44983"
"49.35000","0.04101","848.17621"
"49.40000","0.04106","848.90259"
"49.45000","0.04109","849.77057"
"49.50000","0.04114","850.70319"
"49.55000","0.04117","851.37756"
"49.60000","0.04122","852.32080"
"49.65000","0.04125","853.15509"
"49.70000","0.04130","854.12769"
"49.75000","0.04134","854.90869"
"49.80000","0.04138","855.60431"
"49.85000","0.04144","856.78296"
"49.90000","0.04146","857.64594"
"49.95000","0.04152","858.75580"
"50.00000","0.04154","859.46753"
"50.05000","0.04160","860.36652"
"50.10000","0.04163","860.78717"
"50.15000","0.04168","861.93066"
"50.20000","0.04172","862.97614"
"50.25000","0.04176","863.91492"
"50.30000","0.04181","864.59967"
"50.35000","0.04184","865.20966"
"50.40000","0.04189","866.30359"
"50.45000","0.04192","867.24835"
"50.50000","0.04197","868.66852"
"50.55000","0.04203","869.25726"
"50.60000","0.04205","870.15649"
"50.65000","0.04211","870.94794"
"50.70000","0.04216","872.08667"
"50.75000","0.04219","873.24976"
"50.80000","0.04224","873.88379"
"50.85000","0.04228","874.31415"
"50.90000","0.04232","875.73615"
"50.95000","0.04237","876.91888"
"51.00000","0.04243","878.09955"
"51.05000","0.04247","878.72333"
"51.10000","0.04251","879.58405"
"51.15000","0.04256","880.93439"
"51.20000","0.04262","882.31927"
"51.25000","0.04267","883.41199"
"51.30000","0.04270","883.95325"
"51.35000","0.04275","884.38458"
"51.40000","0.04278","885.46576"
"51.45000","0.04283","887.00366"
"51.50000","0.04286","887.44025"
"51.55000","0.04291","888.43994"
"51.60000","0.04296","888.90985"
"51.65000","0.04299","889.67157"
"51.70000","0.04303","891.12378"
"51.75000","0.04307","892.03442"
"51.80000","0.04313","892.60822"
"51.85000","0.04315","893.23615"
"51.90000","0.04321","894.32465"
"51.95000","0.04323","895.42090"
"52.00000","0.04329","896.30664"
"52.05000","0.04334","896.93433"
"52.10000","0.04337","898.07941"
"52.15000","0.04341","898.81317"
"52.20000","0.04345","899.70667"
"52.25000","0.04347","900.77808"
"52.30000","0.04353","901.28735"
"52.35000","0.04355","901.99365"
"52.40000","0.04361","902.78320"
"52.45000","0.04366","904.03967"
"52.50000","0.04369","904.64240"
"52.55000","0.04371","905.73810"
"52.60000","0.04376","906.32129"
"52.65000","0.04379","906.78723"
"52.70000","0.04382","907.82477"
"52.75000","0.04388","908.69025"
"52.80000","0.04391","909.52563"
"52.85000","0.04396","910.43060"
"52.90000","0.04398","911.19672"
"52.95000","0.04404","912.17047"
"53.00000","0.04406","913.14410"
"53.05000","0.04412","913.74640"
"53.10000","0.04414","914.47693"
"53.15000","0.04420","915.51208"
"53.20000","0.04422","916.36481"
"53.25000","0.04428","916.91174"
"53.30000","0.04430","917.94299"
"53.35000","0.04436","918.84351"
"53.40000","0.04441","919.54694"
"53.45000","0.04444","921.03723"
"53.50000","0.04449","921.51740"
"53.55000","0.04452","922.41199"
"53.60000","0.04457","923.64752"
"53.65000","0.04461","924.49750"
"53.70000","0.04465","925.41650"
"53.75000","0.04469","925.86951"
"53.80000","0.04473","927.34851"
"53.85000","0.04479","927.99182"
"53.90000","0.04481","929.00348"
"53.95000","0.04487","929.38245"
"54.00000","0.04489","930.52954"
"54.05000","0.04495","931.78369"
"54.10000","0.04500","932.81952"
"54.15000","0.04503","933.41547"
"54.20000","0.04508","934.33521"
"54.25000","0.04514","935.12659"
"54.30000","0.04516","936.23132"
"54.35000","0.04521","937.47620"
"54.40000","0.04527","938.08130"
"54.45000","0.04532","939.11945"
"54.50000","0.04536","940.03650"
"54.55000","0.04540","941.38086"
"54.60000","0.04546","942.35614"
"54.65000","0.04548","943.13348"
"54.70000","0.04554","943.63031"
"54.75000","0.04556","944.59497"
"54.80000","0.04562","945.69482"
"54.85000","0.04564","946.71008"
"54.90000","0.04570","947.38171"
"54.95000","0.04574","948.14191"
"55.00000","0.04578","949.11865"
"55.05000","0.04583","950.16620"
"55.10000","0.04586","951.10797"
"55.15000","0.04591","951.61963"
"55.20000","0.04594","952.60303"
"55.25000","0.04599","953.33557"
"55.30000","0.04602","954.14630"
"55.35000","0.04607","955.66248"
"55.40000","0.04610","956.14197"
"55.45000","0.04615","956.86859"
"55.50000","0.04618","957.81696"
"55.55000","0.04623","958.59955"
"55.60000","0.04626","959.68860"
"55.65000","0.04629","960.49506"
"55.70000","0.04631","960.93463"
"55.75000","0.04637","961.48810"
"55.80000","0.04639","962.07910"
"55.85000","0.04642","962.88129"
"55.90000","0.04647","964.11731"
"55.95000","0.04652","965.01636"
"56.00000","0.04655","965.48303"
"56.05000","0.04661","966.79944"
"56.10000","0.04666","967.58313"
"56.15000","0.04669","968.52734"
"56.20000","0.04673","969.26184"
"56.25000","0.04677","969.95178"
"56.30000","0.04681","970.92010"
"56.35000","0.04685","972.07904"
"56.40000","0.04690","972.89764"
"56.45000","0.04693","973.28925"
"56.50000","0.04698","974.29761"
"56.55000","0.04701","975.45966"
"56.60000","0.04706","976.43042"
"56.65000","0.04709","977.00665"
"56.70000","0.04714","977.90137"
"56.75000","0.04720","978.82489"
"56.80000","0.04722","979.81842"
"56.85000","0.04728","980.93713"
"56.90000","0.04730","981.94794"
"56.95000","0.04736","982.76678"
"57.00000","0.04741","983.67657"
"57.05000","0.04744","984.70087"
"57.10000","0.04749","985.63226"
"57.15000","0.04754","986.65747"
"57.20000","0.04757","987.46112"
"57.25000","0.04763","988.25757"
"57.30000","0.04765","989.39490"
"57.35000","0.04771","990.46387"
"57.40000","0.04776","991.11072"
"57.45000","0.04779","992.03174"
"57.50000","0.04784","992.91577"
"57.55000","0.04789","993.87811"
"57.60000","0.04795","995.03400"
"57.65000","0.04797","996.21631"
"57.70000","0.04803","996.62262"
"57.75000","0.04808","997.85205"
"57.80000","0.04811","999.08215"
"57.85000","0.04816","999.81812"
"57.90000","0.04819","1000.69855"
"57.95000","0.04824","1001.27588"
"58.00000","0.04827","1002.27716"
"58.05000","0.04832","1003.26593"
"58.10000","0.04835","1004.13367"
"58.15000","0.04840","1005.04846"
"58.20000","0.04843","1005.51111"
"58.25000","0.04848","1006.44904"
"58.30000","0.04852","1007.38464"
"58.35000","0.04856","1008.39789"
"58.40000","0.04861","1009.43146"
"58.45000","0.04864","1010.22870"
"58.50000","0.04867","1010.68311"
"58.55000","0.04872","1011.85730"
"58.60000","0.04875","1012.58240"
"58.65000","0.04878","1013.12262"
"58.70000","0.04883","1013.80731"
"58.75000","0.04886","1014.94519"
"58.80000","0.04891","1015.46832"
"58.85000","0.04894","1016.69867"
"58.90000","0.04899","1017.76672"
"58.95000","0.04904","1018.47668"
"59.00000","0.04910","1019.58466"
"59.05000","0.04915","1020.89105"
"59.10000","0.04918","1021.90942"
"59.15000","0.04923","1023.01483"
"59.20000","0.04929","1023.69580"
"59.25000","0.04931","1024.51404"
"59.30000","0.04937","1025.75000"
"59.35000","0.04939","1026.66882"
"59.40000","0.04945","1027.21765"
"59.45000","0.04947","1028.51050"
"59.50000","0.04953","1029.35352"
"59.55000","0.04957","1030.27051"
"59.60000","0.04961","1031.43567"
"59.65000","0.04966","1032.13354"
"59.70000","0.04969","1032.77185"
"59.75000","0.04974","1034.03979"
"59.80000","0.04977","1034.80249"
"59.85000","0.04982","1035.60803"
"59.90000","0.04988","1036.58386"
"59.95000","0.04990","1037.71912"
"60.00000","0.04996","1038.55017"
"60.05000","0.04998","1039.33203"
"60.10000","0.05004","1040.19153"
"60.15000","0.05006","1040.98230"
"60.20000","0.05012","1041.94678"
"60.25000","0.05015","1042.49707"
"60.30000","0.05020","1043.43359"
"60.35000","0.05025","1044.16541"
"60.40000","0.05028","1045.48792"
"60.45000","0.05033","1046.31885"
"60.50000","0.05036","1047.12109"
"60.55000","0.05041","1047.71570"
"60.60000","0.05044","1048.78833"
"60.65000","0.05049","1049.75110"
"60.70000","0.05055","1050.88391"
"60.75000","0.05057","1051.66919"
"60.80000","0.05063","1052.34863"
"60.85000","0.05065","1053.26746"
"60.90000","0.05071","1053.75317"
"60.95000","0.05073","1055.11487"
"61.00000","0.05079","1055.69263"
"61.05000","0.05081","1056.82666"
"61.10000","0.05087","1057.55823"
"61.15000","0.05089","1058.40454"
"61.20000","0.05095","1059.18176"
"61.25000","0.05097","1060.24536"
"61.30000","0.05103","1060.78357"
"61.35000","0.05105","1062.04980"
"61.40000","0.05111","1062.60559"
"61.45000","0.05113","1063.60144"
"61.50000","0.05116","1064.25830"
"61.55000","0.05119","1064.90149"
"61.60000","0.05124","1065.60718"
"61.65000","0.05127","1066.39514"
"61.70000","0.05129","1067.01575"
"61.75000","0.05135","1067.93921"
"61.80000","0.05137","1068.64697"
"61.85000","0.05143","1069.31787"
"61.90000","0.05148","1070.61145"
"61.95000","0.05151","1071.33899"
"62.00000","0.05156","1072.25891"
"62.05000","0.05159","1072.98291"
"62.10000","0.05164","1073.82727"
"62.15000","0.05167","1074.71033"
"62.20000","0.05172","1075.73206"
"62.25000","0.05178","1077.06970"
"62.30000","0.05180","1077.83325"
"62.35000","0.05186","1078.67395"
"62.40000","0.05188","1079.49365"
"62.45000","0.05194","1080.47400"
"62.50000","0.05196","1081.49023"
"62.55000","0.05202","1082.42554"
"62.60000","0.05207","1083.27759"
"62.65000","0.05210","1083.95166"
"62.70000","0.05215","1085.32007"
"62.75000","0.05218","1085.94238"
"62.80000","0.05223","1087.22620"
"62.85000","0.05229","1087.96643"
"62.90000","0.05231","1088.88770"
"62.95000","0.05237","1089.90906"
"63.00000","0.05241","1090.74561"
"63.05000","0.05245","1091.62317"
"63.10000","0.05250","1092.52454"
"63.15000","0.05253","1093.62280"
"63.20000","0.05258","1094.70129"
"63.25000","0.05263","1095.35144"
"63.30000","0.05269","1096.74341"
"63.35000","0.05274","1097.68457"
"63.40000","0.05279","1098.80115"
"63.45000","0.05282","1099.75586"
"63.50000","0.05287","1100.99670"
"63.55000","0.05290","1101.60437"
"63.60000","0.05296","1102.67358"
"63.65000","0.05298","1103.41687"
"63.70000","0.05304","1104.22705"
"63.75000","0.05309","1105.08899"
"63.80000","0.05312","1106.04626"
"63.85000","0.05317","1106.94800"
"63.90000","0.05320","1107.93384"
"63.95000","0.05325","1108.67053"
"64.00000","0.05328","1109.58704"
"64.05000","0.05333","1110.39832"
"64.10000","0.05336","1111.23718"
"64.15000","0.05341","1112.13721"
"64.20000","0.05346","1112.99194"
"64.25000","0.05349","1113.90710"
"64.30000","0.05353","1114.66455"
"64.35000","0.05357","1115.59509"
"64.40000","0.05362","1116.78455"
"64.45000","0.05365","1117.34717"
"64.50000","0.05370","1118.44983"
"64.55000","0.05373","1119.26770"
"64.60000","0.05379","1120.07007"
"64.65000","0.05381","1120.85571"
"64.70000","0.05387","1121.75867"
"64.75000","0.05389","1122.32849"
"64.80000","0.05392","1123.25842"
"64.85000","0.05396","1124.00098"
"64.90000","0.05400","1124.59412"
"64.95000","0.05403","1125.71631"
"65.00000","0.05408","1126.28125"
"65.05000","0.05411","1127.12463"
"65.10000","0.05416","1128.18774"
"65.15000","0.05419","1129.39478"
"65.20000","0.05424","1129.90112"
"65.25000","0.05427","1130.48145"
"65.30000","0.05432","1131.44446"
"65.35000","0.05435","1132.45264"
"65.40000","0.05440","1133.41638"
"65.45000","0.05443","1134.19617"
"65.50000","0.05448","1135.14917"
"65.55000","0.05451","1135.97876"
"65.60000","0.05456","1136.90845"
"65.65000","0.05461","1137.70740"
"65.70000","0.05464","1138.88293"
"65.75000","0.05470","1139.36572"
"65.80000","0.05472","1140.53467"
"65.85000","0.05478","1141.76489"
"65.90000","0.05481","1142.48816"
"65.95000","0.05486","1143.45349"
"66.00000","0.05491","1144.12732"
"66.05000","0.05494","1145.41052"
"66.10000","0.05499","1146.09668"
"66.15000","0.05503","1147.28137"
"66.20000","0.05507","1147.82471"
"66.25000","0.05513","1148.73083"
"66.30000","0.05515","1149.52747"
"66.35000","0.05521","1150.91638"
"66.40000","0.05526","1151.57983"
"66.45000","0.05529","1152.37830"
"66.50000","0.05534","1153.28992"
"66.55000","0.05539","1154.73633"
"66.60000","0.05542","1155.80066"
"66.65000","0.05547","1156.54114"
"66.70000","0.05553","1157.22571"
"66.75000","0.05558","1158.75745"
"66.80000","0.05561","1159.72717"
"66.85000","0.05566","1160.63928"
"66.90000","0.05569","1161.64978"
"66.95000","0.05574","1162.34290"
"67.00000","0.05577","1163.23462"
"67.05000","0.05582","1164.30005"
"67.10000","0.05586","1165.30945"
"67.15000","0.05590","1166.09814"
"67.20000","0.05595","1166.87488"
"67.25000","0.05598","1167.26221"
"67.30000","0.05604","1168.69812"
"67.35000","0.05606","1169.83521"
"67.40000","0.05612","1170.65540"
"67.45000","0.05614","1171.40259"
"67.50000","0.05620","1172.05811"
"67.55000","0.05622","1173.26917"
"67.60000","0.05628","1174.14844"
"67.65000","0.05630","1174.60254"
"67.70000","0.05636","1175.46130"
"67.75000","0.05638","1176.46948"
"67.80000","0.05644","1177.01733"
"67.85000","0.05646","1177.92468"
"67.90000","0.05652","1178.86926"
"67.95000","0.05654","1179.56702"
"68.00000","0.05657","1180.43909"
"68.05000","0.05663","1181.32593"
"68.10000","0.05665","1182.08301"
"68.15000","0.05668","1182.57654"
"68.20000","0.05673","1183.18420"
"68.25000","0.05676","1183.96387"
"68.30000","0.05681","1185.16296"
"68.35000","0.05685","1186.29590"
"68.40000","0.05689","1187.01086"
"68.45000","0.05695","1188.11011"
"68.50000","0.05697","1188.94043"
"68.55000","0.05703","1189.93787"
"68.60000","0.05705","1190.86475"
"68.65000","0.05711","1191.91089"
"68.70000","0.05713","1192.66785"
"68.75000","0.05719","1193.79041"
"68.80000","0.05723","1194.42871"
"68.85000","0.05727","1195.57422"
"68.90000","0.05732","1196.66443"
"68.95000","0.05735","1197.47803"
"69.00000","0.05740","1198.27991"
"69.05000","0.05743","1199.18823"
"69.10000","0.05748","1200.26038"
"69.15000","0.05752","1201.41113"
"69.20000","0.05756","1202.42590"
"69.25000","0.05762","1203.15198"
"69.30000","0.05764","1203.98743"
"69.35000","0.05770","1204.85315"
"69.40000","0.05772","1205.75330"
"69.45000","0.05778","1207.18542"
"69.50000","0.05783","1207.89355"
"69.55000","0.05786","1208.96375"
"69.60000","0.05791","1209.61389"
"69.65000","0.05796","1210.56738"
"69.70000","0.05801","1211.68066"
"69.75000","0.05804","1212.63794"
"69.80000","0.05810","1213.59302"
"69.85000","0.05813","1214.64160"
"69.90000","0.05818","1215.63599"
"69.95000","0.05823","1216.43677"
"70.00000","0.05829","1217.54712"
"70.05000","0.05831","1218.54187"
"70.10000","0.05837","1219.17798"
"70.15000","0.05839","1220.46741"
"70.20000","0.05845","1221.08044"
"70.25000","0.05849","1222.06287"
"70.30000","0.05853","1222.90613"
"70.35000","0.05855","1223.82849"
"70.40000","0.05861","1224.89905"
"70.45000","0.05865","1225.59631"
"70.50000","0.05869","1226.48145"
"70.55000","0.05873","1227.53711"
"70.60000","0.05877","1228.20593"
"70.65000","0.05879","1228.76758"
"70.70000","0.05882","1229.43848"
"70.75000","0.05888","1230.45764"
"70.80000","0.05893","1231.19775"
"70.85000","0.05896","1232.44116"
"70.90000","0.05901","1233.35266"
"70.95000","0.05906","1234.24158"
"71.00000","0.05909","1235.47314"
"71.05000","0.05914","1236.31226"
"71.10000","0.05917","1237.47644"
"71.15000","0.05922","1237.77441"
"71.20000","0.05928","1239.22205"
"71.25000","0.05931","1240.24780"
"71.27000","0.05935","1114.20215"
"71.27400","0.05941","954.77887"
"71.27700","0.05947","813.89313"
"71.27900","0.05951","714.63947"
